participant,content,token,lemma,tagged_token,tagged_lemma,tagged_stan_token,tagged_stan_lemma,file,content1,content2,utter_order,content1_embedding_bert-base-uncased,content2_embedding_bert-base-uncased,content1_embedding_bert-base-uncased_content2_embedding_bert-base-uncased_cosine_similarity
PC:,i thought that maybe that would do something,"['i', 'thought', 'that', 'maybe', 'that', 'would', 'do', 'something']","['i', 'think', 'that', 'maybe', 'that', 'would', 'do', 'something']","[('i', 'NN'), ('thought', 'VBD'), ('that', 'IN'), ('maybe', 'NN'), ('that', 'WDT'), ('would', 'MD'), ('do', 'VB'), ('something', 'NN')]","[('i', 'NN'), ('think', 'VBP'), ('that', 'IN'), ('maybe', 'RB'), ('that', 'DT'), ('would', 'MD'), ('do', 'VB'), ('something', 'NN')]","[('i', 'LS'), ('thought', 'VBD'), ('that', 'IN'), ('maybe', 'RB'), ('that', 'DT'), ('would', 'MD'), ('do', 'VB'), ('something', 'NN')]","[('i', 'FW'), ('think', 'VBP'), ('that', 'IN'), ('maybe', 'RB'), ('that', 'DT'), ('would', 'MD'), ('do', 'VB'), ('something', 'NN')]",ASU-T10_ExpBlock2-DolphinShow.txt,i thought that maybe that would do something,i think you have to c maybe close it and it will work you didn't close the circle all the way,PC: PA:,,,
PA:,i think you have to c maybe close it and it will work you didn't close the circle all the way,"['i', 'think', 'you', 'have', 'to', 'c', 'maybe', 'close', 'it', 'and', 'it', 'will', 'work', 'you', 'did', 'not', 'close', 'the', 'circle', 'all', 'the', 'way']","['i', 'think', 'you', 'have', 'to', 'c', 'maybe', 'close', 'it', 'and', 'it', 'will', 'work', 'you', 'do', 'not', 'close', 'the', 'circle', 'all', 'the', 'way']","[('i', 'NN'), ('think', 'VBP'), ('you', 'PRP'), ('have', 'VBP'), ('to', 'TO'), ('c', 'VB'), ('maybe', 'RB'), ('close', 'JJ'), ('it', 'PRP'), ('and', 'CC'), ('it', 'PRP'), ('will', 'MD'), ('work', 'VB'), ('you', 'PRP'), ('did', 'VBD'), ('not', 'RB'), ('close', 'VB'), ('the', 'DT'), ('circle', 'NN'), ('all', 'PDT'), ('the', 'DT'), ('way', 'NN')]","[('i', 'NN'), ('think', 'VBP'), ('you', 'PRP'), ('have', 'VBP'), ('to', 'TO'), ('c', 'VB'), ('maybe', 'RB'), ('close', 'JJ'), ('it', 'PRP'), ('and', 'CC'), ('it', 'PRP'), ('will', 'MD'), ('work', 'VB'), ('you', 'PRP'), ('do', 'VBP'), ('not', 'RB'), ('close', 'VB'), ('the', 'DT'), ('circle', 'NN'), ('all', 'PDT'), ('the', 'DT'), ('way', 'NN')]","[('i', 'LS'), ('think', 'VB'), ('you', 'PRP'), ('have', 'VBP'), ('to', 'TO'), ('c', 'NN'), ('maybe', 'RB'), ('close', 'RB'), ('it', 'PRP'), ('and', 'CC'), ('it', 'PRP'), ('will', 'MD'), ('work', 'VB'), ('you', 'PRP'), ('did', 'VBD'), ('not', 'RB'), ('close', 'VB'), ('the', 'DT'), ('circle', 'NN'), ('all', 'PDT'), ('the', 'DT'), ('way', 'NN')]","[('i', 'LS'), ('think', 'VB'), ('you', 'PRP'), ('have', 'VBP'), ('to', 'TO'), ('c', 'NN'), ('maybe', 'RB'), ('close', 'RB'), ('it', 'PRP'), ('and', 'CC'), ('it', 'PRP'), ('will', 'MD'), ('work', 'VB'), ('you', 'PRP'), ('do', 'VBP'), ('not', 'RB'), ('close', 'VB'), ('the', 'DT'), ('circle', 'NN'), ('all', 'PDT'), ('the', 'DT'), ('way', 'NN')]",ASU-T10_ExpBlock2-DolphinShow.txt,i think you have to c maybe close it and it will work you didn't close the circle all the way,should i restart this it's like down there,PA: PC:,,,
PC:,should i restart this it's like down there,"['should', 'i', 'start', 'this', 'it', 'is', 'like', 'down', 'there']","['should', 'i', 'start', 'this', 'it', 'be', 'like', 'down', 'there']","[('should', 'MD'), ('i', 'VB'), ('start', 'VB'), ('this', 'DT'), ('it', 'PRP'), ('is', 'VBZ'), ('like', 'IN'), ('down', 'IN'), ('there', 'EX')]","[('should', 'MD'), ('i', 'VB'), ('start', 'VB'), ('this', 'DT'), ('it', 'PRP'), ('be', 'VB'), ('like', 'IN'), ('down', 'RB'), ('there', 'EX')]","[('should', 'MD'), ('i', 'FW'), ('start', 'VB'), ('this', 'DT'), ('it', 'PRP'), ('is', 'VBZ'), ('like', 'IN'), ('down', 'RB'), ('there', 'RB')]","[('should', 'MD'), ('i', 'FW'), ('start', 'VB'), ('this', 'DT'), ('it', 'PRP'), ('be', 'VB'), ('like', 'IN'), ('down', 'RB'), ('there', 'RB')]",ASU-T10_ExpBlock2-DolphinShow.txt,should i restart this it's like down there,yeah i would just restart it,PC: PA:,,,
PA:,yeah i would just restart it,"['yeah', 'i', 'would', 'just', 'start', 'it']","['yeah', 'i', 'would', 'just', 'start', 'it']","[('yeah', 'NN'), ('i', 'NN'), ('would', 'MD'), ('just', 'RB'), ('start', 'VB'), ('it', 'PRP')]","[('yeah', 'NN'), ('i', 'NN'), ('would', 'MD'), ('just', 'RB'), ('start', 'VB'), ('it', 'PRP')]","[('yeah', 'JJ'), ('i', 'FW'), ('would', 'MD'), ('just', 'RB'), ('start', 'VB'), ('it', 'PRP')]","[('yeah', 'JJ'), ('i', 'FW'), ('would', 'MD'), ('just', 'RB'), ('start', 'VB'), ('it', 'PRP')]",ASU-T10_ExpBlock2-DolphinShow.txt,yeah i would just restart it,okay now what  ,PA: PC:,,,
PC:,okay now what  ,"['okay', 'now', 'what']","['okay', 'now', 'what']","[('okay', 'RB'), ('now', 'RB'), ('what', 'WP')]","[('okay', 'RB'), ('now', 'RB'), ('what', 'WP')]","[('okay', 'JJ'), ('now', 'RB'), ('what', 'WP')]","[('okay', 'JJ'), ('now', 'RB'), ('what', 'WP')]",ASU-T10_ExpBlock2-DolphinShow.txt,okay now what  ,you didn't close it,PC: PA:,,,
PA:,you didn't close it,"['you', 'did', 'not', 'close', 'it']","['you', 'do', 'not', 'close', 'it']","[('you', 'PRP'), ('did', 'VBD'), ('not', 'RB'), ('close', 'VB'), ('it', 'PRP')]","[('you', 'PRP'), ('do', 'VBP'), ('not', 'RB'), ('close', 'VB'), ('it', 'PRP')]","[('you', 'PRP'), ('did', 'VBD'), ('not', 'RB'), ('close', 'VB'), ('it', 'PRP')]","[('you', 'PRP'), ('do', 'VBP'), ('not', 'RB'), ('close', 'VB'), ('it', 'PRP')]",ASU-T10_ExpBlock2-DolphinShow.txt,you didn't close it,yeah but what does it matter if i close it,PA: PC:,,,
PC:,yeah but what does it matter if i close it,"['yeah', 'but', 'what', 'does', 'it', 'matter', 'if', 'i', 'close', 'it']","['yeah', 'but', 'what', 'do', 'it', 'matter', 'if', 'i', 'close', 'it']","[('yeah', 'NN'), ('but', 'CC'), ('what', 'WP'), ('does', 'VBZ'), ('it', 'PRP'), ('matter', 'VB'), ('if', 'IN'), ('i', 'RB'), ('close', 'VBP'), ('it', 'PRP')]","[('yeah', 'NN'), ('but', 'CC'), ('what', 'WP'), ('do', 'VBP'), ('it', 'PRP'), ('matter', 'VB'), ('if', 'IN'), ('i', 'RB'), ('close', 'VBP'), ('it', 'PRP')]","[('yeah', 'NN'), ('but', 'CC'), ('what', 'WP'), ('does', 'VBZ'), ('it', 'PRP'), ('matter', 'VB'), ('if', 'IN'), ('i', 'FW'), ('close', 'VB'), ('it', 'PRP')]","[('yeah', 'NN'), ('but', 'CC'), ('what', 'WP'), ('do', 'VBP'), ('it', 'PRP'), ('matter', 'VB'), ('if', 'IN'), ('i', 'FW'), ('close', 'VB'), ('it', 'PRP')]",ASU-T10_ExpBlock2-DolphinShow.txt,yeah but what does it matter if i close it, we could make another pendulum and it could swing up to it,PC: PA:,,,
PA:, we could make another pendulum and it could swing up to it,"['we', 'could', 'make', 'another', 'pendulum', 'and', 'it', 'could', 'swing', 'up', 'to', 'it']","['we', 'could', 'make', 'another', 'pendulum', 'and', 'it', 'could', 'swing', 'up', 'to', 'it']","[('we', 'PRP'), ('could', 'MD'), ('make', 'VB'), ('another', 'DT'), ('pendulum', 'NN'), ('and', 'CC'), ('it', 'PRP'), ('could', 'MD'), ('swing', 'VB'), ('up', 'RP'), ('to', 'TO'), ('it', 'PRP')]","[('we', 'PRP'), ('could', 'MD'), ('make', 'VB'), ('another', 'DT'), ('pendulum', 'NN'), ('and', 'CC'), ('it', 'PRP'), ('could', 'MD'), ('swing', 'VB'), ('up', 'RP'), ('to', 'TO'), ('it', 'PRP')]","[('we', 'PRP'), ('could', 'MD'), ('make', 'VB'), ('another', 'DT'), ('pendulum', 'NN'), ('and', 'CC'), ('it', 'PRP'), ('could', 'MD'), ('swing', 'VB'), ('up', 'RP'), ('to', 'TO'), ('it', 'PRP')]","[('we', 'PRP'), ('could', 'MD'), ('make', 'VB'), ('another', 'DT'), ('pendulum', 'NN'), ('and', 'CC'), ('it', 'PRP'), ('could', 'MD'), ('swing', 'VB'), ('up', 'RP'), ('to', 'TO'), ('it', 'PRP')]",ASU-T10_ExpBlock2-DolphinShow.txt, we could make another pendulum and it could swing up to it,okay okay,PA: PC:,,,
PC:,okay okay,"['okay', 'okay']","['okay', 'okay']","[('okay', 'NN'), ('okay', 'NN')]","[('okay', 'NN'), ('okay', 'NN')]","[('okay', 'JJ'), ('okay', 'JJ')]","[('okay', 'JJ'), ('okay', 'JJ')]",ASU-T10_ExpBlock2-DolphinShow.txt,okay okay,you're gonna have to swing up somehow,PC: PB:,,,
PB:,you're gonna have to swing up somehow,"['you', 'are', 'on', 'na', 'have', 'to', 'swing', 'up', 'somehow']","['you', 'be', 'on', 'na', 'have', 'to', 'swing', 'up', 'somehow']","[('you', 'PRP'), ('are', 'VBP'), ('on', 'IN'), ('na', 'NNS'), ('have', 'VBP'), ('to', 'TO'), ('swing', 'VBG'), ('up', 'RP'), ('somehow', 'RB')]","[('you', 'PRP'), ('be', 'VB'), ('on', 'IN'), ('na', 'NNS'), ('have', 'VBP'), ('to', 'TO'), ('swing', 'VBG'), ('up', 'RP'), ('somehow', 'RB')]","[('you', 'PRP'), ('are', 'VBP'), ('on', 'IN'), ('na', 'TO'), ('have', 'VB'), ('to', 'TO'), ('swing', 'VB'), ('up', 'RP'), ('somehow', 'RB')]","[('you', 'PRP'), ('be', 'VB'), ('on', 'IN'), ('na', 'TO'), ('have', 'VB'), ('to', 'TO'), ('swing', 'VB'), ('up', 'RP'), ('somehow', 'RB')]",ASU-T10_ExpBlock2-DolphinShow.txt,you're gonna have to swing up somehow, well i don't really know how we're gonna get it to swing regardless though   'cause it's gonna be heavy,PB: PC:,,,
PC:, well i don't really know how we're gonna get it to swing regardless though   'cause it's gonna be heavy,"['well', 'i', 'do', 'not', 'really', 'know', 'how', 'we', 'are', 'on', 'na', 'get', 'it', 'to', 'swing', 'regardless', 'though', 'because', 'it', 'is', 'on', 'na', 'be', 'heavy']","['well', 'i', 'do', 'not', 'really', 'know', 'how', 'we', 'be', 'on', 'na', 'get', 'it', 'to', 'swing', 'regardless', 'though', 'because', 'it', 'be', 'on', 'na', 'be', 'heavy']","[('well', 'RB'), ('i', 'RB'), ('do', 'VBP'), ('not', 'RB'), ('really', 'RB'), ('know', 'VB'), ('how', 'WRB'), ('we', 'PRP'), ('are', 'VBP'), ('on', 'IN'), ('na', 'NNS'), ('get', 'VBP'), ('it', 'PRP'), ('to', 'TO'), ('swing', 'VBG'), ('regardless', 'RB'), ('though', 'IN'), ('because', 'IN'), ('it', 'PRP'), ('is', 'VBZ'), ('on', 'IN'), ('na', 'NN'), ('be', 'VB'), ('heavy', 'JJ')]","[('well', 'RB'), ('i', 'RB'), ('do', 'VBP'), ('not', 'RB'), ('really', 'RB'), ('know', 'VB'), ('how', 'WRB'), ('we', 'PRP'), ('be', 'VB'), ('on', 'IN'), ('na', 'JJ'), ('get', 'VB'), ('it', 'PRP'), ('to', 'TO'), ('swing', 'VBG'), ('regardless', 'RB'), ('though', 'IN'), ('because', 'IN'), ('it', 'PRP'), ('be', 'VB'), ('on', 'IN'), ('na', 'JJ'), ('be', 'VB'), ('heavy', 'JJ')]","[('well', 'RB'), ('i', 'FW'), ('do', 'VBP'), ('not', 'RB'), ('really', 'RB'), ('know', 'VB'), ('how', 'WRB'), ('we', 'PRP'), ('are', 'VBP'), ('on', 'IN'), ('na', 'TO'), ('get', 'VB'), ('it', 'PRP'), ('to', 'TO'), ('swing', 'VB'), ('regardless', 'RB'), ('though', 'RB'), ('because', 'IN'), ('it', 'PRP'), ('is', 'VBZ'), ('on', 'IN'), ('na', 'TO'), ('be', 'VB'), ('heavy', 'JJ')]","[('well', 'RB'), ('i', 'FW'), ('do', 'VBP'), ('not', 'RB'), ('really', 'RB'), ('know', 'VB'), ('how', 'WRB'), ('we', 'PRP'), ('be', 'VB'), ('on', 'IN'), ('na', 'TO'), ('get', 'VB'), ('it', 'PRP'), ('to', 'TO'), ('swing', 'VB'), ('regardless', 'RB'), ('though', 'RB'), ('because', 'IN'), ('it', 'PRP'), ('be', 'VB'), ('on', 'IN'), ('na', 'TO'), ('be', 'VB'), ('heavy', 'JJ')]",ASU-T10_ExpBlock2-DolphinShow.txt, well i don't really know how we're gonna get it to swing regardless though   'cause it's gonna be heavy,maybe pin it to like that blue wave,PC: PA:,,,
PA:,maybe pin it to like that blue wave,"['maybe', 'pin', 'it', 'to', 'like', 'that', 'blue', 'wave']","['maybe', 'pin', 'it', 'to', 'like', 'that', 'blue', 'wave']","[('maybe', 'RB'), ('pin', 'VBZ'), ('it', 'PRP'), ('to', 'TO'), ('like', 'VB'), ('that', 'DT'), ('blue', 'NN'), ('wave', 'VBP')]","[('maybe', 'RB'), ('pin', 'VBZ'), ('it', 'PRP'), ('to', 'TO'), ('like', 'VB'), ('that', 'DT'), ('blue', 'NN'), ('wave', 'VBP')]","[('maybe', 'RB'), ('pin', 'VB'), ('it', 'PRP'), ('to', 'TO'), ('like', 'VB'), ('that', 'IN'), ('blue', 'JJ'), ('wave', 'NN')]","[('maybe', 'RB'), ('pin', 'VB'), ('it', 'PRP'), ('to', 'TO'), ('like', 'VB'), ('that', 'IN'), ('blue', 'JJ'), ('wave', 'NN')]",ASU-T10_ExpBlock2-DolphinShow.txt,maybe pin it to like that blue wave,this one,PA: PC:,,,
PC:,this one,"['this', 'one']","['this', 'one']","[('this', 'DT'), ('one', 'NN')]","[('this', 'DT'), ('one', 'NN')]","[('this', 'DT'), ('one', 'CD')]","[('this', 'DT'), ('one', 'CD')]",ASU-T10_ExpBlock2-DolphinShow.txt,this one,no the blue wave underneath the balloon,PC: PA:,,,
PA:,no the blue wave underneath the balloon,"['no', 'the', 'blue', 'wave', 'underneath', 'the', 'balloon']","['no', 'the', 'blue', 'wave', 'underneath', 'the', 'balloon']","[('no', 'DT'), ('the', 'DT'), ('blue', 'JJ'), ('wave', 'VBP'), ('underneath', 'IN'), ('the', 'DT'), ('balloon', 'NN')]","[('no', 'DT'), ('the', 'DT'), ('blue', 'JJ'), ('wave', 'VBP'), ('underneath', 'IN'), ('the', 'DT'), ('balloon', 'NN')]","[('no', 'DT'), ('the', 'DT'), ('blue', 'JJ'), ('wave', 'NN'), ('underneath', 'IN'), ('the', 'DT'), ('balloon', 'NN')]","[('no', 'DT'), ('the', 'DT'), ('blue', 'JJ'), ('wave', 'NN'), ('underneath', 'IN'), ('the', 'DT'), ('balloon', 'NN')]",ASU-T10_ExpBlock2-DolphinShow.txt,no the blue wave underneath the balloon, well there is a blue wave or i mean there is a pin on the blue wave,PA: PC:,,,
PC:, well there is a blue wave or i mean there is a pin on the blue wave,"['well', 'there', 'is', 'a', 'blue', 'wave', 'or', 'i', 'mean', 'there', 'is', 'a', 'pin', 'on', 'the', 'blue', 'wave']","['well', 'there', 'be', 'a', 'blue', 'wave', 'or', 'i', 'mean', 'there', 'be', 'a', 'pin', 'on', 'the', 'blue', 'wave']","[('well', 'RB'), ('there', 'EX'), ('is', 'VBZ'), ('a', 'DT'), ('blue', 'JJ'), ('wave', 'NN'), ('or', 'CC'), ('i', 'JJ'), ('mean', 'NN'), ('there', 'EX'), ('is', 'VBZ'), ('a', 'DT'), ('pin', 'NN'), ('on', 'IN'), ('the', 'DT'), ('blue', 'NN'), ('wave', 'NN')]","[('well', 'RB'), ('there', 'RB'), ('be', 'VB'), ('a', 'DT'), ('blue', 'JJ'), ('wave', 'NN'), ('or', 'CC'), ('i', 'JJ'), ('mean', 'VBP'), ('there', 'RB'), ('be', 'VB'), ('a', 'DT'), ('pin', 'NN'), ('on', 'IN'), ('the', 'DT'), ('blue', 'NN'), ('wave', 'NN')]","[('well', 'RB'), ('there', 'EX'), ('is', 'VBZ'), ('a', 'DT'), ('blue', 'JJ'), ('wave', 'NN'), ('or', 'CC'), ('i', 'FW'), ('mean', 'VB'), ('there', 'EX'), ('is', 'VBZ'), ('a', 'DT'), ('pin', 'NN'), ('on', 'IN'), ('the', 'DT'), ('blue', 'JJ'), ('wave', 'NN')]","[('well', 'RB'), ('there', 'RB'), ('be', 'VB'), ('a', 'DT'), ('blue', 'JJ'), ('wave', 'NN'), ('or', 'CC'), ('i', 'FW'), ('mean', 'VB'), ('there', 'RB'), ('be', 'VB'), ('a', 'DT'), ('pin', 'NN'), ('on', 'IN'), ('the', 'DT'), ('blue', 'JJ'), ('wave', 'NN')]",ASU-T10_ExpBlock2-DolphinShow.txt, well there is a blue wave or i mean there is a pin on the blue wave,it's not attached to it though,PC: PA:,,,
PA:,it's not attached to it though,"['it', 'is', 'not', 'attached', 'to', 'it', 'though']","['it', 'be', 'not', 'attach', 'to', 'it', 'though']","[('it', 'PRP'), ('is', 'VBZ'), ('not', 'RB'), ('attached', 'VBN'), ('to', 'TO'), ('it', 'PRP'), ('though', 'IN')]","[('it', 'PRP'), ('be', 'VB'), ('not', 'RB'), ('attach', 'VB'), ('to', 'TO'), ('it', 'PRP'), ('though', 'IN')]","[('it', 'PRP'), ('is', 'VBZ'), ('not', 'RB'), ('attached', 'VBN'), ('to', 'TO'), ('it', 'PRP'), ('though', 'IN')]","[('it', 'PRP'), ('be', 'VB'), ('not', 'RB'), ('attach', 'VB'), ('to', 'TO'), ('it', 'PRP'), ('though', 'IN')]",ASU-T10_ExpBlock2-DolphinShow.txt,it's not attached to it though,yeah it is look this one,PA: PC:,,,
PC:,yeah it is look this one,"['yeah', 'it', 'is', 'look', 'this', 'one']","['yeah', 'it', 'be', 'look', 'this', 'one']","[('yeah', 'NN'), ('it', 'PRP'), ('is', 'VBZ'), ('look', 'RBR'), ('this', 'DT'), ('one', 'NN')]","[('yeah', 'VB'), ('it', 'PRP'), ('be', 'VB'), ('look', 'RBR'), ('this', 'DT'), ('one', 'NN')]","[('yeah', 'VB'), ('it', 'PRP'), ('is', 'VBZ'), ('look', 'VB'), ('this', 'DT'), ('one', 'CD')]","[('yeah', 'VB'), ('it', 'PRP'), ('be', 'VB'), ('look', 'VB'), ('this', 'DT'), ('one', 'CD')]",ASU-T10_ExpBlock2-DolphinShow.txt,yeah it is look this one,it's on my screen it's not attached to the blob,PC: PA:,,,
PA:,it's on my screen it's not attached to the blob,"['it', 'is', 'on', 'my', 'screen', 'it', 'is', 'not', 'attached', 'to', 'the', 'blow']","['it', 'be', 'on', 'my', 'screen', 'it', 'be', 'not', 'attach', 'to', 'the', 'blow']","[('it', 'PRP'), ('is', 'VBZ'), ('on', 'IN'), ('my', 'PRP$'), ('screen', 'NN'), ('it', 'PRP'), ('is', 'VBZ'), ('not', 'RB'), ('attached', 'VBN'), ('to', 'TO'), ('the', 'DT'), ('blow', 'NN')]","[('it', 'PRP'), ('be', 'VB'), ('on', 'IN'), ('my', 'PRP$'), ('screen', 'NN'), ('it', 'PRP'), ('be', 'VB'), ('not', 'RB'), ('attach', 'VB'), ('to', 'TO'), ('the', 'DT'), ('blow', 'NN')]","[('it', 'PRP'), ('is', 'VBZ'), ('on', 'IN'), ('my', 'PRP$'), ('screen', 'NN'), ('it', 'PRP'), ('is', 'VBZ'), ('not', 'RB'), ('attached', 'VBN'), ('to', 'TO'), ('the', 'DT'), ('blow', 'NN')]","[('it', 'PRP'), ('be', 'VB'), ('on', 'IN'), ('my', 'PRP$'), ('screen', 'NN'), ('it', 'PRP'), ('be', 'VB'), ('not', 'RB'), ('attach', 'VB'), ('to', 'TO'), ('the', 'DT'), ('blow', 'NN')]",ASU-T10_ExpBlock2-DolphinShow.txt,it's on my screen it's not attached to the blob,okay i think you need to rephrase what you're trying to say,PA: PC:,,,
PC:,okay i think you need to rephrase what you're trying to say,"['okay', 'i', 'think', 'you', 'need', 'to', 'phrase', 'what', 'you', 'are', 'trying', 'to', 'say']","['okay', 'i', 'think', 'you', 'need', 'to', 'phrase', 'what', 'you', 'be', 'try', 'to', 'say']","[('okay', 'NN'), ('i', 'NN'), ('think', 'VBP'), ('you', 'PRP'), ('need', 'VBP'), ('to', 'TO'), ('phrase', 'VB'), ('what', 'WP'), ('you', 'PRP'), ('are', 'VBP'), ('trying', 'VBG'), ('to', 'TO'), ('say', 'VB')]","[('okay', 'NN'), ('i', 'NN'), ('think', 'VBP'), ('you', 'PRP'), ('need', 'VBP'), ('to', 'TO'), ('phrase', 'VB'), ('what', 'WP'), ('you', 'PRP'), ('be', 'VB'), ('try', 'VBN'), ('to', 'TO'), ('say', 'VB')]","[('okay', 'JJ'), ('i', 'FW'), ('think', 'VBP'), ('you', 'PRP'), ('need', 'VB'), ('to', 'TO'), ('phrase', 'NN'), ('what', 'WP'), ('you', 'PRP'), ('are', 'VBP'), ('trying', 'VBG'), ('to', 'TO'), ('say', 'VB')]","[('okay', 'JJ'), ('i', 'FW'), ('think', 'VBP'), ('you', 'PRP'), ('need', 'VB'), ('to', 'TO'), ('phrase', 'NN'), ('what', 'WP'), ('you', 'PRP'), ('be', 'VB'), ('try', 'VB'), ('to', 'TO'), ('say', 'VB')]",ASU-T10_ExpBlock2-DolphinShow.txt,okay i think you need to rephrase what you're trying to say,pin the blob to the blue wave,PC: PA:,,,
PA:,pin the blob to the blue wave,"['pin', 'the', 'blow', 'to', 'the', 'blue', 'wave']","['pin', 'the', 'blow', 'to', 'the', 'blue', 'wave']","[('pin', 'IN'), ('the', 'DT'), ('blow', 'NN'), ('to', 'TO'), ('the', 'DT'), ('blue', 'NN'), ('wave', 'NN')]","[('pin', 'IN'), ('the', 'DT'), ('blow', 'NN'), ('to', 'TO'), ('the', 'DT'), ('blue', 'NN'), ('wave', 'NN')]","[('pin', 'VB'), ('the', 'DT'), ('blow', 'NN'), ('to', 'TO'), ('the', 'DT'), ('blue', 'JJ'), ('wave', 'NN')]","[('pin', 'VB'), ('the', 'DT'), ('blow', 'NN'), ('to', 'TO'), ('the', 'DT'), ('blue', 'JJ'), ('wave', 'NN')]",ASU-T10_ExpBlock2-DolphinShow.txt,pin the blob to the blue wave,this i don't think i can retroactively attach a pin like i don't think it's gonna do anything,PA: PC:,,,
PC:,this i don't think i can retroactively attach a pin like i don't think it's gonna do anything,"['this', 'i', 'do', 'not', 'think', 'i', 'can', 'retroactively', 'attach', 'a', 'pin', 'like', 'i', 'do', 'not', 'think', 'it', 'is', 'on', 'na', 'do', 'anything']","['this', 'i', 'do', 'not', 'think', 'i', 'can', 'retroactively', 'attach', 'a', 'pin', 'like', 'i', 'do', 'not', 'think', 'it', 'be', 'on', 'na', 'do', 'anything']","[('this', 'DT'), ('i', 'NN'), ('do', 'VBP'), ('not', 'RB'), ('think', 'VB'), ('i', 'NNS'), ('can', 'MD'), ('retroactively', 'RB'), ('attach', 'VB'), ('a', 'DT'), ('pin', 'NN'), ('like', 'IN'), ('i', 'NNS'), ('do', 'VBP'), ('not', 'RB'), ('think', 'VB'), ('it', 'PRP'), ('is', 'VBZ'), ('on', 'IN'), ('na', 'NNS'), ('do', 'VBP'), ('anything', 'NN')]","[('this', 'DT'), ('i', 'NN'), ('do', 'VBP'), ('not', 'RB'), ('think', 'VB'), ('i', 'NNS'), ('can', 'MD'), ('retroactively', 'RB'), ('attach', 'VB'), ('a', 'DT'), ('pin', 'NN'), ('like', 'IN'), ('i', 'NNS'), ('do', 'VBP'), ('not', 'RB'), ('think', 'VB'), ('it', 'PRP'), ('be', 'VB'), ('on', 'IN'), ('na', 'JJ'), ('do', 'VBP'), ('anything', 'NN')]","[('this', 'DT'), ('i', 'FW'), ('do', 'VBP'), ('not', 'RB'), ('think', 'VB'), ('i', 'FW'), ('can', 'MD'), ('retroactively', 'RB'), ('attach', 'VB'), ('a', 'DT'), ('pin', 'NN'), ('like', 'IN'), ('i', 'FW'), ('do', 'VBP'), ('not', 'RB'), ('think', 'VB'), ('it', 'PRP'), ('is', 'VBZ'), ('on', 'IN'), ('na', 'TO'), ('do', 'VB'), ('anything', 'NN')]","[('this', 'DT'), ('i', 'FW'), ('do', 'VBP'), ('not', 'RB'), ('think', 'VB'), ('i', 'FW'), ('can', 'MD'), ('retroactively', 'RB'), ('attach', 'VB'), ('a', 'DT'), ('pin', 'NN'), ('like', 'IN'), ('i', 'FW'), ('do', 'VBP'), ('not', 'RB'), ('think', 'VB'), ('it', 'PRP'), ('be', 'VB'), ('on', 'IN'), ('na', 'TO'), ('do', 'VB'), ('anything', 'NN')]",ASU-T10_ExpBlock2-DolphinShow.txt,this i don't think i can retroactively attach a pin like i don't think it's gonna do anything,well we need to get it to swing so,PC: PA:,,,
PA:,well we need to get it to swing so,"['well', 'we', 'need', 'to', 'get', 'it', 'to', 'swing', 'so']","['well', 'we', 'need', 'to', 'get', 'it', 'to', 'swing', 'so']","[('well', 'RB'), ('we', 'PRP'), ('need', 'VBP'), ('to', 'TO'), ('get', 'VB'), ('it', 'PRP'), ('to', 'TO'), ('swing', 'VBG'), ('so', 'RB')]","[('well', 'RB'), ('we', 'PRP'), ('need', 'VBP'), ('to', 'TO'), ('get', 'VB'), ('it', 'PRP'), ('to', 'TO'), ('swing', 'VBG'), ('so', 'RB')]","[('well', 'RB'), ('we', 'PRP'), ('need', 'VBP'), ('to', 'TO'), ('get', 'VB'), ('it', 'PRP'), ('to', 'TO'), ('swing', 'VB'), ('so', 'RB')]","[('well', 'RB'), ('we', 'PRP'), ('need', 'VBP'), ('to', 'TO'), ('get', 'VB'), ('it', 'PRP'), ('to', 'TO'), ('swing', 'VB'), ('so', 'RB')]",ASU-T10_ExpBlock2-DolphinShow.txt,well we need to get it to swing so,now we have our ball at least,PA: PC:,,,
PC:,now we have our ball at least,"['now', 'we', 'have', 'our', 'ball', 'at', 'least']","['now', 'we', 'have', 'our', 'ball', 'at', 'least']","[('now', 'RB'), ('we', 'PRP'), ('have', 'VBP'), ('our', 'PRP$'), ('ball', 'NN'), ('at', 'IN'), ('least', 'JJS')]","[('now', 'RB'), ('we', 'PRP'), ('have', 'VBP'), ('our', 'PRP$'), ('ball', 'NN'), ('at', 'IN'), ('least', 'JJS')]","[('now', 'RB'), ('we', 'PRP'), ('have', 'VBP'), ('our', 'PRP$'), ('ball', 'NN'), ('at', 'IN'), ('least', 'JJS')]","[('now', 'RB'), ('we', 'PRP'), ('have', 'VBP'), ('our', 'PRP$'), ('ball', 'NN'), ('at', 'IN'), ('least', 'JJS')]",ASU-T10_ExpBlock2-DolphinShow.txt,now we have our ball at least,drop something heavy catapult it,PC: PA:,,,
PA:,drop something heavy catapult it,"['drop', 'something', 'heavy', 'catapult', 'it']","['drop', 'something', 'heavy', 'catapult', 'it']","[('drop', 'NN'), ('something', 'NN'), ('heavy', 'JJ'), ('catapult', 'NN'), ('it', 'PRP')]","[('drop', 'NN'), ('something', 'NN'), ('heavy', 'JJ'), ('catapult', 'NN'), ('it', 'PRP')]","[('drop', 'NN'), ('something', 'NN'), ('heavy', 'JJ'), ('catapult', 'VB'), ('it', 'PRP')]","[('drop', 'NN'), ('something', 'NN'), ('heavy', 'JJ'), ('catapult', 'VB'), ('it', 'PRP')]",ASU-T10_ExpBlock2-DolphinShow.txt,drop something heavy catapult it,there we go,PA: PB:,,,
PB:,there we go,"['there', 'we', 'go']","['there', 'we', 'go']","[('there', 'EX'), ('we', 'PRP'), ('go', 'VBP')]","[('there', 'EX'), ('we', 'PRP'), ('go', 'VBP')]","[('there', 'RB'), ('we', 'PRP'), ('go', 'VBP')]","[('there', 'RB'), ('we', 'PRP'), ('go', 'VBP')]",ASU-T10_ExpBlock2-DolphinShow.txt,there we go,   no   okay now that he's over there okay what if we do i don't really know what to do,PB: PC:,,,
PC:,   no   okay now that he's over there okay what if we do i don't really know what to do,"['no', 'okay', 'now', 'that', 'he', 'is', 'over', 'there', 'okay', 'what', 'if', 'we', 'do', 'i', 'do', 'not', 'really', 'know', 'what', 'to', 'do']","['no', 'okay', 'now', 'that', 'he', 'be', 'over', 'there', 'okay', 'what', 'if', 'we', 'do', 'i', 'do', 'not', 'really', 'know', 'what', 'to', 'do']","[('no', 'DT'), ('okay', 'NN'), ('now', 'RB'), ('that', 'IN'), ('he', 'PRP'), ('is', 'VBZ'), ('over', 'IN'), ('there', 'EX'), ('okay', 'VB'), ('what', 'WP'), ('if', 'IN'), ('we', 'PRP'), ('do', 'VBP'), ('i', 'RB'), ('do', 'VBP'), ('not', 'RB'), ('really', 'RB'), ('know', 'VB'), ('what', 'WP'), ('to', 'TO'), ('do', 'VB')]","[('no', 'DT'), ('okay', 'NN'), ('now', 'RB'), ('that', 'IN'), ('he', 'PRP'), ('be', 'VB'), ('over', 'IN'), ('there', 'RB'), ('okay', 'VBZ'), ('what', 'WP'), ('if', 'IN'), ('we', 'PRP'), ('do', 'VBP'), ('i', 'RB'), ('do', 'VBP'), ('not', 'RB'), ('really', 'RB'), ('know', 'VB'), ('what', 'WP'), ('to', 'TO'), ('do', 'VB')]","[('no', 'DT'), ('okay', 'JJ'), ('now', 'RB'), ('that', 'IN'), ('he', 'PRP'), ('is', 'VBZ'), ('over', 'IN'), ('there', 'EX'), ('okay', 'JJ'), ('what', 'WP'), ('if', 'IN'), ('we', 'PRP'), ('do', 'VBP'), ('i', 'FW'), ('do', 'VBP'), ('not', 'RB'), ('really', 'RB'), ('know', 'VB'), ('what', 'WP'), ('to', 'TO'), ('do', 'VB')]","[('no', 'DT'), ('okay', 'JJ'), ('now', 'RB'), ('that', 'IN'), ('he', 'PRP'), ('be', 'VB'), ('over', 'IN'), ('there', 'EX'), ('okay', 'JJ'), ('what', 'WP'), ('if', 'IN'), ('we', 'PRP'), ('do', 'VBP'), ('i', 'FW'), ('do', 'VBP'), ('not', 'RB'), ('really', 'RB'), ('know', 'VB'), ('what', 'WP'), ('to', 'TO'), ('do', 'VB')]",ASU-T10_ExpBlock2-DolphinShow.txt,   no   okay now that he's over there okay what if we do i don't really know what to do,i would,PC: PA:,,,
PA:,i would,"['i', 'would']","['i', 'would']","[('i', 'NN'), ('would', 'MD')]","[('i', 'NN'), ('would', 'MD')]","[('i', 'LS'), ('would', 'MD')]","[('i', 'LS'), ('would', 'MD')]",ASU-T10_ExpBlock2-DolphinShow.txt,i would,got me,PA: PB:,,,
PB:,got me,"['got', 'me']","['get', 'me']","[('got', 'VBD'), ('me', 'PRP')]","[('get', 'VB'), ('me', 'PRP')]","[('got', 'VBD'), ('me', 'PRP')]","[('get', 'VB'), ('me', 'PRP')]",ASU-T10_ExpBlock2-DolphinShow.txt,got me,i would just try and draw something drop something really really really heavy,PB: PA:,,,
PA:,i would just try and draw something drop something really really really heavy,"['i', 'would', 'just', 'try', 'and', 'draw', 'something', 'drop', 'something', 'really', 'really', 'really', 'heavy']","['i', 'would', 'just', 'try', 'and', 'draw', 'something', 'drop', 'something', 'really', 'really', 'really', 'heavy']","[('i', 'NN'), ('would', 'MD'), ('just', 'RB'), ('try', 'VB'), ('and', 'CC'), ('draw', 'VB'), ('something', 'NN'), ('drop', 'NN'), ('something', 'NN'), ('really', 'RB'), ('really', 'RB'), ('really', 'RB'), ('heavy', 'JJ')]","[('i', 'NN'), ('would', 'MD'), ('just', 'RB'), ('try', 'VB'), ('and', 'CC'), ('draw', 'VB'), ('something', 'NN'), ('drop', 'NN'), ('something', 'NN'), ('really', 'RB'), ('really', 'RB'), ('really', 'RB'), ('heavy', 'JJ')]","[('i', 'LS'), ('would', 'MD'), ('just', 'RB'), ('try', 'VB'), ('and', 'CC'), ('draw', 'VB'), ('something', 'NN'), ('drop', 'NN'), ('something', 'NN'), ('really', 'RB'), ('really', 'RB'), ('really', 'RB'), ('heavy', 'JJ')]","[('i', 'LS'), ('would', 'MD'), ('just', 'RB'), ('try', 'VB'), ('and', 'CC'), ('draw', 'VB'), ('something', 'NN'), ('drop', 'NN'), ('something', 'NN'), ('really', 'RB'), ('really', 'RB'), ('really', 'RB'), ('heavy', 'JJ')]",ASU-T10_ExpBlock2-DolphinShow.txt,i would just try and draw something drop something really really really heavy,the thing is there's no like fulcrum for it to   rotate on,PA: PC:,,,
PC:,the thing is there's no like fulcrum for it to   rotate on,"['the', 'thing', 'is', 'there', 'is', 'no', 'like', 'fulcrum', 'for', 'it', 'to', 'rotate', 'on']","['the', 'thing', 'be', 'there', 'be', 'no', 'like', 'fulcrum', 'for', 'it', 'to', 'rotate', 'on']","[('the', 'DT'), ('thing', 'NN'), ('is', 'VBZ'), ('there', 'EX'), ('is', 'VBZ'), ('no', 'DT'), ('like', 'JJ'), ('fulcrum', 'NN'), ('for', 'IN'), ('it', 'PRP'), ('to', 'TO'), ('rotate', 'VB'), ('on', 'IN')]","[('the', 'DT'), ('thing', 'NN'), ('be', 'VB'), ('there', 'RB'), ('be', 'VB'), ('no', 'DT'), ('like', 'JJ'), ('fulcrum', 'NN'), ('for', 'IN'), ('it', 'PRP'), ('to', 'TO'), ('rotate', 'VB'), ('on', 'IN')]","[('the', 'DT'), ('thing', 'NN'), ('is', 'VBZ'), ('there', 'EX'), ('is', 'VBZ'), ('no', 'DT'), ('like', 'IN'), ('fulcrum', 'NN'), ('for', 'IN'), ('it', 'PRP'), ('to', 'TO'), ('rotate', 'VB'), ('on', 'IN')]","[('the', 'DT'), ('thing', 'NN'), ('be', 'VB'), ('there', 'RB'), ('be', 'VB'), ('no', 'DT'), ('like', 'IN'), ('fulcrum', 'NN'), ('for', 'IN'), ('it', 'PRP'), ('to', 'TO'), ('rotate', 'VB'), ('on', 'IN')]",ASU-T10_ExpBlock2-DolphinShow.txt,the thing is there's no like fulcrum for it to   rotate on,right make like a teaspoon type s,PC: PB:,,,
PB:,right make like a teaspoon type s,"['right', 'make', 'like', 'a', 'teaspoon', 'type', 's']","['right', 'make', 'like', 'a', 'teaspoon', 'type', 's']","[('right', 'RB'), ('make', 'VBP'), ('like', 'IN'), ('a', 'DT'), ('teaspoon', 'NN'), ('type', 'NN'), ('s', 'NN')]","[('right', 'RB'), ('make', 'VBP'), ('like', 'IN'), ('a', 'DT'), ('teaspoon', 'NN'), ('type', 'NN'), ('s', 'NN')]","[('right', 'RB'), ('make', 'VB'), ('like', 'IN'), ('a', 'DT'), ('teaspoon', 'NN'), ('type', 'NN'), ('s', 'NNS')]","[('right', 'RB'), ('make', 'VB'), ('like', 'IN'), ('a', 'DT'), ('teaspoon', 'NN'), ('type', 'NN'), ('s', 'NNS')]",ASU-T10_ExpBlock2-DolphinShow.txt,right make like a teaspoon type s,on the on the brown like that  like like like i understand what you're saying,PB: PC:,,,
PC:,on the on the brown like that  like like like i understand what you're saying,"['on', 'the', 'on', 'the', 'brown', 'like', 'that', 'like', 'like', 'like', 'i', 'understand', 'what', 'you', 'are', 'saying']","['on', 'the', 'on', 'the', 'brown', 'like', 'that', 'like', 'like', 'like', 'i', 'understand', 'what', 'you', 'be', 'say']","[('on', 'IN'), ('the', 'DT'), ('on', 'IN'), ('the', 'DT'), ('brown', 'NN'), ('like', 'IN'), ('that', 'DT'), ('like', 'IN'), ('like', 'IN'), ('like', 'IN'), ('i', 'NN'), ('understand', 'VBP'), ('what', 'WP'), ('you', 'PRP'), ('are', 'VBP'), ('saying', 'VBG')]","[('on', 'IN'), ('the', 'DT'), ('on', 'IN'), ('the', 'DT'), ('brown', 'NN'), ('like', 'IN'), ('that', 'DT'), ('like', 'IN'), ('like', 'IN'), ('like', 'IN'), ('i', 'NN'), ('understand', 'VBP'), ('what', 'WP'), ('you', 'PRP'), ('be', 'VB'), ('say', 'VBP')]","[('on', 'IN'), ('the', 'DT'), ('on', 'IN'), ('the', 'DT'), ('brown', 'JJ'), ('like', 'IN'), ('that', 'DT'), ('like', 'IN'), ('like', 'IN'), ('like', 'IN'), ('i', 'FW'), ('understand', 'VBP'), ('what', 'WP'), ('you', 'PRP'), ('are', 'VBP'), ('saying', 'VBG')]","[('on', 'IN'), ('the', 'DT'), ('on', 'IN'), ('the', 'DT'), ('brown', 'JJ'), ('like', 'IN'), ('that', 'DT'), ('like', 'IN'), ('like', 'IN'), ('like', 'IN'), ('i', 'FW'), ('understand', 'VBP'), ('what', 'WP'), ('you', 'PRP'), ('be', 'VB'), ('say', 'VB')]",ASU-T10_ExpBlock2-DolphinShow.txt,on the on the brown like that  like like like i understand what you're saying,yeah and then drop it,PC: PB:,,,
PB:,yeah and then drop it,"['yeah', 'and', 'then', 'drop', 'it']","['yeah', 'and', 'then', 'drop', 'it']","[('yeah', 'NN'), ('and', 'CC'), ('then', 'RB'), ('drop', 'VB'), ('it', 'PRP')]","[('yeah', 'NN'), ('and', 'CC'), ('then', 'RB'), ('drop', 'VB'), ('it', 'PRP')]","[('yeah', 'NN'), ('and', 'CC'), ('then', 'RB'), ('drop', 'VB'), ('it', 'PRP')]","[('yeah', 'NN'), ('and', 'CC'), ('then', 'RB'), ('drop', 'VB'), ('it', 'PRP')]",ASU-T10_ExpBlock2-DolphinShow.txt,yeah and then drop it,   it's gonna have to be a big   okay just kidding,PB: PC:,,,
PC:,   it's gonna have to be a big   okay just kidding,"['it', 'is', 'on', 'na', 'have', 'to', 'be', 'a', 'big', 'okay', 'just', 'bidding']","['it', 'be', 'on', 'na', 'have', 'to', 'be', 'a', 'big', 'okay', 'just', 'bidding']","[('it', 'PRP'), ('is', 'VBZ'), ('on', 'IN'), ('na', 'NNS'), ('have', 'VBP'), ('to', 'TO'), ('be', 'VB'), ('a', 'DT'), ('big', 'JJ'), ('okay', 'NN'), ('just', 'RB'), ('bidding', 'NN')]","[('it', 'PRP'), ('be', 'VB'), ('on', 'IN'), ('na', 'NNS'), ('have', 'VBP'), ('to', 'TO'), ('be', 'VB'), ('a', 'DT'), ('big', 'JJ'), ('okay', 'NN'), ('just', 'RB'), ('bidding', 'NN')]","[('it', 'PRP'), ('is', 'VBZ'), ('on', 'IN'), ('na', 'TO'), ('have', 'VB'), ('to', 'TO'), ('be', 'VB'), ('a', 'DT'), ('big', 'JJ'), ('okay', 'JJ'), ('just', 'RB'), ('bidding', 'NN')]","[('it', 'PRP'), ('be', 'VB'), ('on', 'IN'), ('na', 'TO'), ('have', 'VB'), ('to', 'TO'), ('be', 'VB'), ('a', 'DT'), ('big', 'JJ'), ('okay', 'JJ'), ('just', 'RB'), ('bidding', 'NN')]",ASU-T10_ExpBlock2-DolphinShow.txt,   it's gonna have to be a big   okay just kidding,wonder if you can move the balloon you drop something like on the balloon and make it move,PC: PB:,,,
PB:,wonder if you can move the balloon you drop something like on the balloon and make it move,"['wonder', 'if', 'you', 'can', 'move', 'the', 'balloon', 'you', 'drop', 'something', 'like', 'on', 'the', 'balloon', 'and', 'make', 'it', 'move']","['wonder', 'if', 'you', 'can', 'move', 'the', 'balloon', 'you', 'drop', 'something', 'like', 'on', 'the', 'balloon', 'and', 'make', 'it', 'move']","[('wonder', 'NN'), ('if', 'IN'), ('you', 'PRP'), ('can', 'MD'), ('move', 'VB'), ('the', 'DT'), ('balloon', 'NN'), ('you', 'PRP'), ('drop', 'VBP'), ('something', 'NN'), ('like', 'IN'), ('on', 'IN'), ('the', 'DT'), ('balloon', 'NN'), ('and', 'CC'), ('make', 'VB'), ('it', 'PRP'), ('move', 'VB')]","[('wonder', 'NN'), ('if', 'IN'), ('you', 'PRP'), ('can', 'MD'), ('move', 'VB'), ('the', 'DT'), ('balloon', 'NN'), ('you', 'PRP'), ('drop', 'VBP'), ('something', 'NN'), ('like', 'IN'), ('on', 'IN'), ('the', 'DT'), ('balloon', 'NN'), ('and', 'CC'), ('make', 'VB'), ('it', 'PRP'), ('move', 'VB')]","[('wonder', 'NN'), ('if', 'IN'), ('you', 'PRP'), ('can', 'MD'), ('move', 'VB'), ('the', 'DT'), ('balloon', 'NN'), ('you', 'PRP'), ('drop', 'VBP'), ('something', 'NN'), ('like', 'IN'), ('on', 'IN'), ('the', 'DT'), ('balloon', 'NN'), ('and', 'CC'), ('make', 'VB'), ('it', 'PRP'), ('move', 'VB')]","[('wonder', 'NN'), ('if', 'IN'), ('you', 'PRP'), ('can', 'MD'), ('move', 'VB'), ('the', 'DT'), ('balloon', 'NN'), ('you', 'PRP'), ('drop', 'VBP'), ('something', 'NN'), ('like', 'IN'), ('on', 'IN'), ('the', 'DT'), ('balloon', 'NN'), ('and', 'CC'), ('make', 'VB'), ('it', 'PRP'), ('move', 'VB')]",ASU-T10_ExpBlock2-DolphinShow.txt,wonder if you can move the balloon you drop something like on the balloon and make it move, we can try that,PB: PC:,,,
PC:, we can try that,"['we', 'can', 'try', 'that']","['we', 'can', 'try', 'that']","[('we', 'PRP'), ('can', 'MD'), ('try', 'VB'), ('that', 'IN')]","[('we', 'PRP'), ('can', 'MD'), ('try', 'VB'), ('that', 'IN')]","[('we', 'PRP'), ('can', 'MD'), ('try', 'VB'), ('that', 'IN')]","[('we', 'PRP'), ('can', 'MD'), ('try', 'VB'), ('that', 'IN')]",ASU-T10_ExpBlock2-DolphinShow.txt, we can try that, maybe never tried that before,PC: PA:,,,
PA:, maybe never tried that before,"['maybe', 'never', 'tried', 'that', 'before']","['maybe', 'never', 'try', 'that', 'before']","[('maybe', 'RB'), ('never', 'RB'), ('tried', 'VBN'), ('that', 'IN'), ('before', 'IN')]","[('maybe', 'RB'), ('never', 'RB'), ('try', 'VBP'), ('that', 'IN'), ('before', 'IN')]","[('maybe', 'RB'), ('never', 'RB'), ('tried', 'VBD'), ('that', 'IN'), ('before', 'IN')]","[('maybe', 'RB'), ('never', 'RB'), ('try', 'VB'), ('that', 'IN'), ('before', 'IN')]",ASU-T10_ExpBlock2-DolphinShow.txt, maybe never tried that before,that was like almost good okay let's,PA: PC:,,,
PC:,that was like almost good okay let's,"['that', 'was', 'like', 'almost', 'good', 'okay', 'let', 'us']","['that', 'be', 'like', 'almost', 'good', 'okay', 'let', 'u']","[('that', 'DT'), ('was', 'VBD'), ('like', 'IN'), ('almost', 'RB'), ('good', 'JJ'), ('okay', 'NN'), ('let', 'VBD'), ('us', 'PRP')]","[('that', 'DT'), ('be', 'VB'), ('like', 'IN'), ('almost', 'RB'), ('good', 'JJ'), ('okay', 'NNS'), ('let', 'VB'), ('u', 'JJ')]","[('that', 'DT'), ('was', 'VBD'), ('like', 'IN'), ('almost', 'RB'), ('good', 'JJ'), ('okay', 'JJ'), ('let', 'VB'), ('us', 'PRP')]","[('that', 'IN'), ('be', 'VB'), ('like', 'IN'), ('almost', 'RB'), ('good', 'JJ'), ('okay', 'JJ'), ('let', 'VB'), ('u', 'FW')]",ASU-T10_ExpBlock2-DolphinShow.txt,that was like almost good okay let's,draw something,PC: PA:,,,
PA:,draw something,"['draw', 'something']","['draw', 'something']","[('draw', 'NN'), ('something', 'NN')]","[('draw', 'NN'), ('something', 'NN')]","[('draw', 'NN'), ('something', 'NN')]","[('draw', 'NN'), ('something', 'NN')]",ASU-T10_ExpBlock2-DolphinShow.txt,draw something,aw aw,PA: PB:,,,
PB:,aw aw,"['a', 'a']","['a', 'a']","[('a', 'DT'), ('a', 'DT')]","[('a', 'DT'), ('a', 'DT')]","[('a', 'DT'), ('a', 'DT')]","[('a', 'DT'), ('a', 'DT')]",ASU-T10_ExpBlock2-DolphinShow.txt,aw aw,balloon can not be touched,PB: PA:,,,
PA:,balloon can not be touched,"['balloon', 'can', 'not', 'be', 'touched']","['balloon', 'can', 'not', 'be', 'touch']","[('balloon', 'NN'), ('can', 'MD'), ('not', 'RB'), ('be', 'VB'), ('touched', 'VBN')]","[('balloon', 'NN'), ('can', 'MD'), ('not', 'RB'), ('be', 'VB'), ('touch', 'JJ')]","[('balloon', 'NN'), ('can', 'MD'), ('not', 'RB'), ('be', 'VB'), ('touched', 'VBN')]","[('balloon', 'NN'), ('can', 'MD'), ('not', 'RB'), ('be', 'VB'), ('touch', 'NN')]",ASU-T10_ExpBlock2-DolphinShow.txt,balloon can not be touched,maybe if we just go heavier and higher  okay that's not really what i wanted but ,PA: PC:,,,
PC:,maybe if we just go heavier and higher  okay that's not really what i wanted but ,"['maybe', 'if', 'we', 'just', 'go', 'heavier', 'and', 'higher', 'okay', 'that', 'is', 'not', 'really', 'what', 'i', 'wanted', 'but']","['maybe', 'if', 'we', 'just', 'go', 'heavier', 'and', 'high', 'okay', 'that', 'be', 'not', 'really', 'what', 'i', 'want', 'but']","[('maybe', 'RB'), ('if', 'IN'), ('we', 'PRP'), ('just', 'RB'), ('go', 'VB'), ('heavier', 'RBR'), ('and', 'CC'), ('higher', 'JJR'), ('okay', 'NN'), ('that', 'WDT'), ('is', 'VBZ'), ('not', 'RB'), ('really', 'RB'), ('what', 'WP'), ('i', 'NN'), ('wanted', 'VBD'), ('but', 'CC')]","[('maybe', 'RB'), ('if', 'IN'), ('we', 'PRP'), ('just', 'RB'), ('go', 'VB'), ('heavier', 'RBR'), ('and', 'CC'), ('high', 'JJ'), ('okay', 'NN'), ('that', 'WDT'), ('be', 'VB'), ('not', 'RB'), ('really', 'RB'), ('what', 'WP'), ('i', 'NN'), ('want', 'VBP'), ('but', 'CC')]","[('maybe', 'RB'), ('if', 'IN'), ('we', 'PRP'), ('just', 'RB'), ('go', 'VBP'), ('heavier', 'JJR'), ('and', 'CC'), ('higher', 'JJR'), ('okay', 'JJ'), ('that', 'DT'), ('is', 'VBZ'), ('not', 'RB'), ('really', 'RB'), ('what', 'WP'), ('i', 'FW'), ('wanted', 'VBD'), ('but', 'CC')]","[('maybe', 'RB'), ('if', 'IN'), ('we', 'PRP'), ('just', 'RB'), ('go', 'VBP'), ('heavier', 'JJR'), ('and', 'CC'), ('high', 'JJ'), ('okay', 'JJ'), ('that', 'IN'), ('be', 'VB'), ('not', 'RB'), ('really', 'RB'), ('what', 'WP'), ('i', 'FW'), ('want', 'VBP'), ('but', 'CC')]",ASU-T10_ExpBlock2-DolphinShow.txt,maybe if we just go heavier and higher  okay that's not really what i wanted but ,maybe they did dolphins because you know how dolphins like bounce balls to each other maybe we're supposed to bounce it from like one dolphin to another and then get to the balloon,PC: PA:,,,
PA:,maybe they did dolphins because you know how dolphins like bounce balls to each other maybe we're supposed to bounce it from like one dolphin to another and then get to the balloon,"['maybe', 'they', 'did', 'dolphin', 'because', 'you', 'know', 'how', 'dolphin', 'like', 'bounce', 'balls', 'to', 'each', 'other', 'maybe', 'we', 'are', 'supposed', 'to', 'bounce', 'it', 'from', 'like', 'one', 'dolphin', 'to', 'another', 'and', 'then', 'get', 'to', 'the', 'balloon']","['maybe', 'they', 'do', 'dolphin', 'because', 'you', 'know', 'how', 'dolphin', 'like', 'bounce', 'ball', 'to', 'each', 'other', 'maybe', 'we', 'be', 'suppose', 'to', 'bounce', 'it', 'from', 'like', 'one', 'dolphin', 'to', 'another', 'and', 'then', 'get', 'to', 'the', 'balloon']","[('maybe', 'RB'), ('they', 'PRP'), ('did', 'VBD'), ('dolphin', 'VB'), ('because', 'IN'), ('you', 'PRP'), ('know', 'VBP'), ('how', 'WRB'), ('dolphin', 'JJ'), ('like', 'IN'), ('bounce', 'NN'), ('balls', 'NNS'), ('to', 'TO'), ('each', 'DT'), ('other', 'JJ'), ('maybe', 'RB'), ('we', 'PRP'), ('are', 'VBP'), ('supposed', 'VBN'), ('to', 'TO'), ('bounce', 'VB'), ('it', 'PRP'), ('from', 'IN'), ('like', 'IN'), ('one', 'CD'), ('dolphin', 'NN'), ('to', 'TO'), ('another', 'DT'), ('and', 'CC'), ('then', 'RB'), ('get', 'VB'), ('to', 'TO'), ('the', 'DT'), ('balloon', 'NN')]","[('maybe', 'RB'), ('they', 'PRP'), ('do', 'VBP'), ('dolphin', 'VB'), ('because', 'IN'), ('you', 'PRP'), ('know', 'VBP'), ('how', 'WRB'), ('dolphin', 'JJ'), ('like', 'IN'), ('bounce', 'NN'), ('ball', 'NN'), ('to', 'TO'), ('each', 'DT'), ('other', 'JJ'), ('maybe', 'RB'), ('we', 'PRP'), ('be', 'VB'), ('suppose', 'VBN'), ('to', 'TO'), ('bounce', 'VB'), ('it', 'PRP'), ('from', 'IN'), ('like', 'IN'), ('one', 'CD'), ('dolphin', 'NN'), ('to', 'TO'), ('another', 'DT'), ('and', 'CC'), ('then', 'RB'), ('get', 'VB'), ('to', 'TO'), ('the', 'DT'), ('balloon', 'NN')]","[('maybe', 'RB'), ('they', 'PRP'), ('did', 'VBD'), ('dolphin', 'NN'), ('because', 'IN'), ('you', 'PRP'), ('know', 'VBP'), ('how', 'WRB'), ('dolphin', 'NN'), ('like', 'IN'), ('bounce', 'NN'), ('balls', 'NNS'), ('to', 'TO'), ('each', 'DT'), ('other', 'JJ'), ('maybe', 'RB'), ('we', 'PRP'), ('are', 'VBP'), ('supposed', 'VBN'), ('to', 'TO'), ('bounce', 'VB'), ('it', 'PRP'), ('from', 'IN'), ('like', 'IN'), ('one', 'CD'), ('dolphin', 'NN'), ('to', 'TO'), ('another', 'DT'), ('and', 'CC'), ('then', 'RB'), ('get', 'VB'), ('to', 'TO'), ('the', 'DT'), ('balloon', 'NN')]","[('maybe', 'RB'), ('they', 'PRP'), ('do', 'VBP'), ('dolphin', 'NN'), ('because', 'IN'), ('you', 'PRP'), ('know', 'VBP'), ('how', 'WRB'), ('dolphin', 'NN'), ('like', 'IN'), ('bounce', 'NN'), ('ball', 'NN'), ('to', 'TO'), ('each', 'DT'), ('other', 'JJ'), ('maybe', 'RB'), ('we', 'PRP'), ('be', 'VB'), ('suppose', 'VB'), ('to', 'TO'), ('bounce', 'VB'), ('it', 'PRP'), ('from', 'IN'), ('like', 'IN'), ('one', 'CD'), ('dolphin', 'NN'), ('to', 'TO'), ('another', 'DT'), ('and', 'CC'), ('then', 'RB'), ('get', 'VB'), ('to', 'TO'), ('the', 'DT'), ('balloon', 'NN')]",ASU-T10_ExpBlock2-DolphinShow.txt,maybe they did dolphins because you know how dolphins like bounce balls to each other maybe we're supposed to bounce it from like one dolphin to another and then get to the balloon,how would we even do that,PA: PC:,,,
PC:,how would we even do that,"['how', 'would', 'we', 'even', 'do', 'that']","['how', 'would', 'we', 'even', 'do', 'that']","[('how', 'WRB'), ('would', 'MD'), ('we', 'PRP'), ('even', 'RB'), ('do', 'VBP'), ('that', 'IN')]","[('how', 'WRB'), ('would', 'MD'), ('we', 'PRP'), ('even', 'RB'), ('do', 'VBP'), ('that', 'IN')]","[('how', 'WRB'), ('would', 'MD'), ('we', 'PRP'), ('even', 'RB'), ('do', 'VBP'), ('that', 'DT')]","[('how', 'WRB'), ('would', 'MD'), ('we', 'PRP'), ('even', 'RB'), ('do', 'VBP'), ('that', 'DT')]",ASU-T10_ExpBlock2-DolphinShow.txt,how would we even do that,like from,PC: PB:,,,
PB:,like from,"['like', 'from']","['like', 'from']","[('like', 'IN'), ('from', 'IN')]","[('like', 'IN'), ('from', 'IN')]","[('like', 'IN'), ('from', 'IN')]","[('like', 'IN'), ('from', 'IN')]",ASU-T10_ExpBlock2-DolphinShow.txt,like from, i think we'll have to make platforms or something,PB: PA:,,,
PA:, i think we'll have to make platforms or something,"['i', 'think', 'we', 'will', 'have', 'to', 'make', 'platforms', 'or', 'something']","['i', 'think', 'we', 'will', 'have', 'to', 'make', 'platform', 'or', 'something']","[('i', 'JJ'), ('think', 'VBP'), ('we', 'PRP'), ('will', 'MD'), ('have', 'VB'), ('to', 'TO'), ('make', 'VB'), ('platforms', 'NNS'), ('or', 'CC'), ('something', 'NN')]","[('i', 'JJ'), ('think', 'VBP'), ('we', 'PRP'), ('will', 'MD'), ('have', 'VB'), ('to', 'TO'), ('make', 'VB'), ('platform', 'NN'), ('or', 'CC'), ('something', 'NN')]","[('i', 'FW'), ('think', 'VBP'), ('we', 'PRP'), ('will', 'MD'), ('have', 'VB'), ('to', 'TO'), ('make', 'VB'), ('platforms', 'NNS'), ('or', 'CC'), ('something', 'NN')]","[('i', 'FW'), ('think', 'VBP'), ('we', 'PRP'), ('will', 'MD'), ('have', 'VB'), ('to', 'TO'), ('make', 'VB'), ('platform', 'NN'), ('or', 'CC'), ('something', 'NN')]",ASU-T10_ExpBlock2-DolphinShow.txt, i think we'll have to make platforms or something,the bottom one to the left one i don't know yeah something like that,PA: PB:,,,
PB:,the bottom one to the left one i don't know yeah something like that,"['the', 'bottom', 'one', 'to', 'the', 'left', 'one', 'i', 'do', 'not', 'know', 'yeah', 'something', 'like', 'that']","['the', 'bottom', 'one', 'to', 'the', 'left', 'one', 'i', 'do', 'not', 'know', 'yeah', 'something', 'like', 'that']","[('the', 'DT'), ('bottom', 'JJ'), ('one', 'CD'), ('to', 'TO'), ('the', 'DT'), ('left', 'JJ'), ('one', 'NN'), ('i', 'NN'), ('do', 'VBP'), ('not', 'RB'), ('know', 'VB'), ('yeah', 'RB'), ('something', 'NN'), ('like', 'IN'), ('that', 'DT')]","[('the', 'DT'), ('bottom', 'JJ'), ('one', 'CD'), ('to', 'TO'), ('the', 'DT'), ('left', 'JJ'), ('one', 'NN'), ('i', 'NN'), ('do', 'VBP'), ('not', 'RB'), ('know', 'VB'), ('yeah', 'RB'), ('something', 'NN'), ('like', 'IN'), ('that', 'DT')]","[('the', 'DT'), ('bottom', 'JJ'), ('one', 'CD'), ('to', 'TO'), ('the', 'DT'), ('left', 'JJ'), ('one', 'CD'), ('i', 'FW'), ('do', 'VBP'), ('not', 'RB'), ('know', 'VB'), ('yeah', 'JJ'), ('something', 'NN'), ('like', 'IN'), ('that', 'DT')]","[('the', 'DT'), ('bottom', 'JJ'), ('one', 'CD'), ('to', 'TO'), ('the', 'DT'), ('left', 'JJ'), ('one', 'CD'), ('i', 'FW'), ('do', 'VBP'), ('not', 'RB'), ('know', 'VB'), ('yeah', 'JJ'), ('something', 'NN'), ('like', 'IN'), ('that', 'DT')]",ASU-T10_ExpBlock2-DolphinShow.txt,the bottom one to the left one i don't know yeah something like that,okay those would not connect to each other wait but even if we did that,PB: PC:,,,
PC:,okay those would not connect to each other wait but even if we did that,"['okay', 'those', 'would', 'not', 'connect', 'to', 'each', 'other', 'wait', 'but', 'even', 'if', 'we', 'did', 'that']","['okay', 'those', 'would', 'not', 'connect', 'to', 'each', 'other', 'wait', 'but', 'even', 'if', 'we', 'do', 'that']","[('okay', 'IN'), ('those', 'DT'), ('would', 'MD'), ('not', 'RB'), ('connect', 'VB'), ('to', 'TO'), ('each', 'DT'), ('other', 'JJ'), ('wait', 'NN'), ('but', 'CC'), ('even', 'RB'), ('if', 'IN'), ('we', 'PRP'), ('did', 'VBD'), ('that', 'IN')]","[('okay', 'IN'), ('those', 'DT'), ('would', 'MD'), ('not', 'RB'), ('connect', 'VB'), ('to', 'TO'), ('each', 'DT'), ('other', 'JJ'), ('wait', 'NN'), ('but', 'CC'), ('even', 'RB'), ('if', 'IN'), ('we', 'PRP'), ('do', 'VBP'), ('that', 'DT')]","[('okay', 'JJ'), ('those', 'DT'), ('would', 'MD'), ('not', 'RB'), ('connect', 'VB'), ('to', 'TO'), ('each', 'DT'), ('other', 'JJ'), ('wait', 'NN'), ('but', 'CC'), ('even', 'RB'), ('if', 'IN'), ('we', 'PRP'), ('did', 'VBD'), ('that', 'DT')]","[('okay', 'JJ'), ('those', 'DT'), ('would', 'MD'), ('not', 'RB'), ('connect', 'VB'), ('to', 'TO'), ('each', 'DT'), ('other', 'JJ'), ('wait', 'NN'), ('but', 'CC'), ('even', 'RB'), ('if', 'IN'), ('we', 'PRP'), ('do', 'VBP'), ('that', 'DT')]",ASU-T10_ExpBlock2-DolphinShow.txt,okay those would not connect to each other wait but even if we did that,that might be okay and then if we could jump if we made another thing like that if we could jump it up to the next one,PC: PA:,,,
PA:,that might be okay and then if we could jump if we made another thing like that if we could jump it up to the next one,"['that', 'might', 'be', 'okay', 'and', 'then', 'if', 'we', 'could', 'jump', 'if', 'we', 'made', 'another', 'thing', 'like', 'that', 'if', 'we', 'could', 'jump', 'it', 'up', 'to', 'the', 'next', 'one']","['that', 'might', 'be', 'okay', 'and', 'then', 'if', 'we', 'could', 'jump', 'if', 'we', 'make', 'another', 'thing', 'like', 'that', 'if', 'we', 'could', 'jump', 'it', 'up', 'to', 'the', 'next', 'one']","[('that', 'DT'), ('might', 'MD'), ('be', 'VB'), ('okay', 'VBN'), ('and', 'CC'), ('then', 'RB'), ('if', 'IN'), ('we', 'PRP'), ('could', 'MD'), ('jump', 'VB'), ('if', 'IN'), ('we', 'PRP'), ('made', 'VBD'), ('another', 'DT'), ('thing', 'NN'), ('like', 'IN'), ('that', 'DT'), ('if', 'IN'), ('we', 'PRP'), ('could', 'MD'), ('jump', 'VB'), ('it', 'PRP'), ('up', 'RP'), ('to', 'TO'), ('the', 'DT'), ('next', 'JJ'), ('one', 'NN')]","[('that', 'DT'), ('might', 'MD'), ('be', 'VB'), ('okay', 'VBN'), ('and', 'CC'), ('then', 'RB'), ('if', 'IN'), ('we', 'PRP'), ('could', 'MD'), ('jump', 'VB'), ('if', 'IN'), ('we', 'PRP'), ('make', 'VBP'), ('another', 'DT'), ('thing', 'NN'), ('like', 'IN'), ('that', 'DT'), ('if', 'IN'), ('we', 'PRP'), ('could', 'MD'), ('jump', 'VB'), ('it', 'PRP'), ('up', 'RP'), ('to', 'TO'), ('the', 'DT'), ('next', 'JJ'), ('one', 'NN')]","[('that', 'WDT'), ('might', 'MD'), ('be', 'VB'), ('okay', 'JJ'), ('and', 'CC'), ('then', 'RB'), ('if', 'IN'), ('we', 'PRP'), ('could', 'MD'), ('jump', 'VB'), ('if', 'IN'), ('we', 'PRP'), ('made', 'VBD'), ('another', 'DT'), ('thing', 'NN'), ('like', 'IN'), ('that', 'DT'), ('if', 'IN'), ('we', 'PRP'), ('could', 'MD'), ('jump', 'VB'), ('it', 'PRP'), ('up', 'RP'), ('to', 'TO'), ('the', 'DT'), ('next', 'JJ'), ('one', 'CD')]","[('that', 'WDT'), ('might', 'MD'), ('be', 'VB'), ('okay', 'JJ'), ('and', 'CC'), ('then', 'RB'), ('if', 'IN'), ('we', 'PRP'), ('could', 'MD'), ('jump', 'VB'), ('if', 'IN'), ('we', 'PRP'), ('make', 'VBP'), ('another', 'DT'), ('thing', 'NN'), ('like', 'IN'), ('that', 'DT'), ('if', 'IN'), ('we', 'PRP'), ('could', 'MD'), ('jump', 'VB'), ('it', 'PRP'), ('up', 'RP'), ('to', 'TO'), ('the', 'DT'), ('next', 'JJ'), ('one', 'CD')]",ASU-T10_ExpBlock2-DolphinShow.txt,that might be okay and then if we could jump if we made another thing like that if we could jump it up to the next one,okay so ,PA: PC:,,,
PC:,okay so ,"['okay', 'so']","['okay', 'so']","[('okay', 'NNS'), ('so', 'RB')]","[('okay', 'NNS'), ('so', 'RB')]","[('okay', 'JJ'), ('so', 'RB')]","[('okay', 'JJ'), ('so', 'RB')]",ASU-T10_ExpBlock2-DolphinShow.txt,okay so ,,,,,
PC:,yeah let's try that one,"['yeah', 'let', 'us', 'try', 'that', 'one']","['yeah', 'let', 'u', 'try', 'that', 'one']","[('yeah', 'NN'), ('let', 'VBD'), ('us', 'PRP'), ('try', 'VB'), ('that', 'IN'), ('one', 'CD')]","[('yeah', 'NNS'), ('let', 'VBP'), ('u', 'JJ'), ('try', 'VB'), ('that', 'IN'), ('one', 'CD')]","[('yeah', 'JJ'), ('let', 'VB'), ('us', 'PRP'), ('try', 'VB'), ('that', 'IN'), ('one', 'CD')]","[('yeah', 'JJ'), ('let', 'VB'), ('u', 'FW'), ('try', 'VBP'), ('that', 'IN'), ('one', 'CD')]",ASU-T10_ExpBlock1-Oneatatime.txt,yeah let's try that one,this one,PC: PB:,,,
PB:,this one,"['this', 'one']","['this', 'one']","[('this', 'DT'), ('one', 'NN')]","[('this', 'DT'), ('one', 'NN')]","[('this', 'DT'), ('one', 'CD')]","[('this', 'DT'), ('one', 'CD')]",ASU-T10_ExpBlock1-Oneatatime.txt,this one,yeah that one doesn't look too bad,PB: PA:,,,
PA:,yeah that one doesn't look too bad,"['yeah', 'that', 'one', 'does', 'not', 'look', 'too', 'bad']","['yeah', 'that', 'one', 'do', 'not', 'look', 'too', 'bad']","[('yeah', 'NN'), ('that', 'WDT'), ('one', 'CD'), ('does', 'VBZ'), ('not', 'RB'), ('look', 'VB'), ('too', 'RB'), ('bad', 'JJ')]","[('yeah', 'NN'), ('that', 'WDT'), ('one', 'CD'), ('do', 'VBP'), ('not', 'RB'), ('look', 'VB'), ('too', 'RB'), ('bad', 'JJ')]","[('yeah', 'NN'), ('that', 'IN'), ('one', 'CD'), ('does', 'VBZ'), ('not', 'RB'), ('look', 'VB'), ('too', 'RB'), ('bad', 'JJ')]","[('yeah', 'NN'), ('that', 'IN'), ('one', 'CD'), ('do', 'VBP'), ('not', 'RB'), ('look', 'VB'), ('too', 'RB'), ('bad', 'JJ')]",ASU-T10_ExpBlock1-Oneatatime.txt,yeah that one doesn't look too bad,dropped something,PA: PB:,,,
PB:,dropped something,"['dropped', 'something']","['drop', 'something']","[('dropped', 'VBD'), ('something', 'NN')]","[('drop', 'NN'), ('something', 'NN')]","[('dropped', 'VBD'), ('something', 'NN')]","[('drop', 'NN'), ('something', 'NN')]",ASU-T10_ExpBlock1-Oneatatime.txt,dropped something,i feel like that's the solution to all of these,PB: PA:,,,
PA:,i feel like that's the solution to all of these,"['i', 'feel', 'like', 'that', 'is', 'the', 'solution', 'to', 'all', 'of', 'these']","['i', 'feel', 'like', 'that', 'be', 'the', 'solution', 'to', 'all', 'of', 'these']","[('i', 'JJ'), ('feel', 'VBP'), ('like', 'IN'), ('that', 'DT'), ('is', 'VBZ'), ('the', 'DT'), ('solution', 'NN'), ('to', 'TO'), ('all', 'DT'), ('of', 'IN'), ('these', 'DT')]","[('i', 'JJ'), ('feel', 'VBP'), ('like', 'IN'), ('that', 'DT'), ('be', 'VB'), ('the', 'DT'), ('solution', 'NN'), ('to', 'TO'), ('all', 'DT'), ('of', 'IN'), ('these', 'DT')]","[('i', 'LS'), ('feel', 'VB'), ('like', 'IN'), ('that', 'DT'), ('is', 'VBZ'), ('the', 'DT'), ('solution', 'NN'), ('to', 'TO'), ('all', 'DT'), ('of', 'IN'), ('these', 'DT')]","[('i', 'LS'), ('feel', 'VB'), ('like', 'IN'), ('that', 'DT'), ('be', 'VB'), ('the', 'DT'), ('solution', 'NN'), ('to', 'TO'), ('all', 'DT'), ('of', 'IN'), ('these', 'DT')]",ASU-T10_ExpBlock1-Oneatatime.txt,i feel like that's the solution to all of these, boy yeah just make a thing like a weight like last time,PA: PB:,,,
PB:, boy yeah just make a thing like a weight like last time,"['boy', 'yeah', 'just', 'make', 'a', 'thing', 'like', 'a', 'weight', 'like', 'last', 'time']","['boy', 'yeah', 'just', 'make', 'a', 'thing', 'like', 'a', 'weight', 'like', 'last', 'time']","[('boy', 'NN'), ('yeah', 'NN'), ('just', 'RB'), ('make', 'VB'), ('a', 'DT'), ('thing', 'NN'), ('like', 'IN'), ('a', 'DT'), ('weight', 'NN'), ('like', 'IN'), ('last', 'JJ'), ('time', 'NN')]","[('boy', 'NN'), ('yeah', 'NN'), ('just', 'RB'), ('make', 'VB'), ('a', 'DT'), ('thing', 'NN'), ('like', 'IN'), ('a', 'DT'), ('weight', 'NN'), ('like', 'IN'), ('last', 'JJ'), ('time', 'NN')]","[('boy', 'NN'), ('yeah', 'RB'), ('just', 'RB'), ('make', 'VB'), ('a', 'DT'), ('thing', 'NN'), ('like', 'IN'), ('a', 'DT'), ('weight', 'NN'), ('like', 'IN'), ('last', 'JJ'), ('time', 'NN')]","[('boy', 'NN'), ('yeah', 'RB'), ('just', 'RB'), ('make', 'VB'), ('a', 'DT'), ('thing', 'NN'), ('like', 'IN'), ('a', 'DT'), ('weight', 'NN'), ('like', 'IN'), ('last', 'JJ'), ('time', 'NN')]",ASU-T10_ExpBlock1-Oneatatime.txt, boy yeah just make a thing like a weight like last time,yeah how is this any different from last time,PB: PC:,,,
PC:,yeah how is this any different from last time,"['yeah', 'how', 'is', 'this', 'any', 'different', 'from', 'last', 'time']","['yeah', 'how', 'be', 'this', 'any', 'different', 'from', 'last', 'time']","[('yeah', 'VB'), ('how', 'WRB'), ('is', 'VBZ'), ('this', 'DT'), ('any', 'DT'), ('different', 'JJ'), ('from', 'IN'), ('last', 'JJ'), ('time', 'NN')]","[('yeah', 'VB'), ('how', 'WRB'), ('be', 'VB'), ('this', 'DT'), ('any', 'DT'), ('different', 'JJ'), ('from', 'IN'), ('last', 'JJ'), ('time', 'NN')]","[('yeah', 'VB'), ('how', 'WRB'), ('is', 'VBZ'), ('this', 'DT'), ('any', 'DT'), ('different', 'JJ'), ('from', 'IN'), ('last', 'JJ'), ('time', 'NN')]","[('yeah', 'VB'), ('how', 'WRB'), ('be', 'VB'), ('this', 'DT'), ('any', 'DT'), ('different', 'JJ'), ('from', 'IN'), ('last', 'JJ'), ('time', 'NN')]",ASU-T10_ExpBlock1-Oneatatime.txt,yeah how is this any different from last time,don't know,PC: PA:,,,
PA:,don't know,"['do', 'not', 'know']","['do', 'not', 'know']","[('do', 'VB'), ('not', 'RB'), ('know', 'VB')]","[('do', 'VB'), ('not', 'RB'), ('know', 'VB')]","[('do', 'VB'), ('not', 'RB'), ('know', 'VB')]","[('do', 'VB'), ('not', 'RB'), ('know', 'VB')]",ASU-T10_ExpBlock1-Oneatatime.txt,don't know,k wait now try and delete the red thing and see if it just flies back down,PA: PC:,,,
PC:,k wait now try and delete the red thing and see if it just flies back down,"['k', 'wait', 'now', 'try', 'and', 'delete', 'the', 'red', 'thing', 'and', 'see', 'if', 'it', 'just', 'flies', 'back', 'down']","['k', 'wait', 'now', 'try', 'and', 'delete', 'the', 'red', 'thing', 'and', 'see', 'if', 'it', 'just', 'fly', 'back', 'down']","[('k', 'NNS'), ('wait', 'VBP'), ('now', 'RB'), ('try', 'VB'), ('and', 'CC'), ('delete', 'VB'), ('the', 'DT'), ('red', 'JJ'), ('thing', 'NN'), ('and', 'CC'), ('see', 'VB'), ('if', 'IN'), ('it', 'PRP'), ('just', 'RB'), ('flies', 'VBZ'), ('back', 'RP'), ('down', 'RP')]","[('k', 'NNS'), ('wait', 'VBP'), ('now', 'RB'), ('try', 'VB'), ('and', 'CC'), ('delete', 'VB'), ('the', 'DT'), ('red', 'JJ'), ('thing', 'NN'), ('and', 'CC'), ('see', 'VB'), ('if', 'IN'), ('it', 'PRP'), ('just', 'RB'), ('fly', 'VB'), ('back', 'RB'), ('down', 'RP')]","[('k', 'NN'), ('wait', 'NN'), ('now', 'RB'), ('try', 'VBP'), ('and', 'CC'), ('delete', 'VBP'), ('the', 'DT'), ('red', 'JJ'), ('thing', 'NN'), ('and', 'CC'), ('see', 'VB'), ('if', 'IN'), ('it', 'PRP'), ('just', 'RB'), ('flies', 'VBZ'), ('back', 'RB'), ('down', 'RB')]","[('k', 'NN'), ('wait', 'NN'), ('now', 'RB'), ('try', 'VBP'), ('and', 'CC'), ('delete', 'VBP'), ('the', 'DT'), ('red', 'JJ'), ('thing', 'NN'), ('and', 'CC'), ('see', 'VB'), ('if', 'IN'), ('it', 'PRP'), ('just', 'RB'), ('fly', 'VBP'), ('back', 'RB'), ('down', 'RB')]",ASU-T10_ExpBlock1-Oneatatime.txt,k wait now try and delete the red thing and see if it just flies back down,i think it needs to swing out to the right side while it's like going up or down,PC: PA:,,,
PA:,i think it needs to swing out to the right side while it's like going up or down,"['i', 'think', 'it', 'needs', 'to', 'swing', 'out', 'to', 'the', 'right', 'side', 'while', 'it', 'is', 'like', 'going', 'up', 'or', 'down']","['i', 'think', 'it', 'need', 'to', 'swing', 'out', 'to', 'the', 'right', 'side', 'while', 'it', 'be', 'like', 'go', 'up', 'or', 'down']","[('i', 'NN'), ('think', 'VBP'), ('it', 'PRP'), ('needs', 'VBZ'), ('to', 'TO'), ('swing', 'VBG'), ('out', 'RP'), ('to', 'TO'), ('the', 'DT'), ('right', 'JJ'), ('side', 'NN'), ('while', 'IN'), ('it', 'PRP'), ('is', 'VBZ'), ('like', 'IN'), ('going', 'VBG'), ('up', 'RP'), ('or', 'CC'), ('down', 'IN')]","[('i', 'NN'), ('think', 'VBP'), ('it', 'PRP'), ('need', 'VBP'), ('to', 'TO'), ('swing', 'VBG'), ('out', 'RP'), ('to', 'TO'), ('the', 'DT'), ('right', 'JJ'), ('side', 'NN'), ('while', 'IN'), ('it', 'PRP'), ('be', 'VB'), ('like', 'IN'), ('go', 'VB'), ('up', 'RP'), ('or', 'CC'), ('down', 'IN')]","[('i', 'LS'), ('think', 'VB'), ('it', 'PRP'), ('needs', 'VBZ'), ('to', 'TO'), ('swing', 'VB'), ('out', 'RP'), ('to', 'TO'), ('the', 'DT'), ('right', 'JJ'), ('side', 'NN'), ('while', 'IN'), ('it', 'PRP'), ('is', 'VBZ'), ('like', 'IN'), ('going', 'VBG'), ('up', 'RP'), ('or', 'CC'), ('down', 'RP')]","[('i', 'LS'), ('think', 'VB'), ('it', 'PRP'), ('need', 'VB'), ('to', 'TO'), ('swing', 'VB'), ('out', 'RP'), ('to', 'TO'), ('the', 'DT'), ('right', 'JJ'), ('side', 'NN'), ('while', 'IN'), ('it', 'PRP'), ('be', 'VB'), ('like', 'IN'), ('go', 'VB'), ('up', 'RP'), ('or', 'CC'), ('down', 'RP')]",ASU-T10_ExpBlock1-Oneatatime.txt,i think it needs to swing out to the right side while it's like going up or down,yeah but i think it might have gotten stuck now,PA: PC:,,,
PC:,yeah but i think it might have gotten stuck now,"['yeah', 'but', 'i', 'think', 'it', 'might', 'have', 'gotten', 'stuck', 'now']","['yeah', 'but', 'i', 'think', 'it', 'might', 'have', 'get', 'stick', 'now']","[('yeah', 'NN'), ('but', 'CC'), ('i', 'JJ'), ('think', 'VBP'), ('it', 'PRP'), ('might', 'MD'), ('have', 'VB'), ('gotten', 'VBN'), ('stuck', 'VBN'), ('now', 'RB')]","[('yeah', 'NN'), ('but', 'CC'), ('i', 'JJ'), ('think', 'VBP'), ('it', 'PRP'), ('might', 'MD'), ('have', 'VB'), ('get', 'VB'), ('stick', 'VBN'), ('now', 'RB')]","[('yeah', 'NN'), ('but', 'CC'), ('i', 'FW'), ('think', 'VBP'), ('it', 'PRP'), ('might', 'MD'), ('have', 'VB'), ('gotten', 'VBN'), ('stuck', 'VBN'), ('now', 'RB')]","[('yeah', 'NN'), ('but', 'CC'), ('i', 'FW'), ('think', 'VBP'), ('it', 'PRP'), ('might', 'MD'), ('have', 'VB'), ('get', 'VB'), ('stick', 'VB'), ('now', 'RB')]",ASU-T10_ExpBlock1-Oneatatime.txt,yeah but i think it might have gotten stuck now, if you hit the space bar i think it restarts it,PC: PA:,,,
PA:, if you hit the space bar i think it restarts it,"['if', 'you', 'hit', 'the', 'space', 'bar', 'i', 'think', 'it', 'starts', 'it']","['if', 'you', 'hit', 'the', 'space', 'bar', 'i', 'think', 'it', 'start', 'it']","[('if', 'IN'), ('you', 'PRP'), ('hit', 'VBP'), ('the', 'DT'), ('space', 'NN'), ('bar', 'NN'), ('i', 'NN'), ('think', 'VBP'), ('it', 'PRP'), ('starts', 'VBZ'), ('it', 'PRP')]","[('if', 'IN'), ('you', 'PRP'), ('hit', 'VBP'), ('the', 'DT'), ('space', 'NN'), ('bar', 'NN'), ('i', 'NN'), ('think', 'VBP'), ('it', 'PRP'), ('start', 'VBZ'), ('it', 'PRP')]","[('if', 'IN'), ('you', 'PRP'), ('hit', 'VBP'), ('the', 'DT'), ('space', 'NN'), ('bar', 'NN'), ('i', 'FW'), ('think', 'VB'), ('it', 'PRP'), ('starts', 'VBZ'), ('it', 'PRP')]","[('if', 'IN'), ('you', 'PRP'), ('hit', 'VBP'), ('the', 'DT'), ('space', 'NN'), ('bar', 'NN'), ('i', 'FW'), ('think', 'VB'), ('it', 'PRP'), ('start', 'VB'), ('it', 'PRP')]",ASU-T10_ExpBlock1-Oneatatime.txt, if you hit the space bar i think it restarts it, we got a gold one,PA: PC:,,,
PC:, we got a gold one,"['we', 'got', 'a', 'gold', 'one']","['we', 'get', 'a', 'gold', 'one']","[('we', 'PRP'), ('got', 'VBD'), ('a', 'DT'), ('gold', 'NN'), ('one', 'CD')]","[('we', 'PRP'), ('get', 'VBP'), ('a', 'DT'), ('gold', 'NN'), ('one', 'CD')]","[('we', 'PRP'), ('got', 'VBD'), ('a', 'DT'), ('gold', 'NN'), ('one', 'CD')]","[('we', 'PRP'), ('get', 'VBP'), ('a', 'DT'), ('gold', 'NN'), ('one', 'CD')]",ASU-T10_ExpBlock1-Oneatatime.txt, we got a gold one,sweet come on,PC: PB:,,,
PB:,sweet come on,"['sweet', 'come', 'on']","['sweet', 'come', 'on']","[('sweet', 'JJ'), ('come', 'NN'), ('on', 'IN')]","[('sweet', 'JJ'), ('come', 'NN'), ('on', 'IN')]","[('sweet', 'JJ'), ('come', 'VBN'), ('on', 'IN')]","[('sweet', 'JJ'), ('come', 'VBN'), ('on', 'IN')]",ASU-T10_ExpBlock1-Oneatatime.txt,sweet come on,i don't know what that means but gold is good,PB: PA:,,,
PA:,i don't know what that means but gold is good,"['i', 'do', 'not', 'know', 'what', 'that', 'means', 'but', 'gold', 'is', 'good']","['i', 'do', 'not', 'know', 'what', 'that', 'mean', 'but', 'gold', 'be', 'good']","[('i', 'NNS'), ('do', 'VBP'), ('not', 'RB'), ('know', 'VB'), ('what', 'WP'), ('that', 'IN'), ('means', 'VBZ'), ('but', 'CC'), ('gold', 'NN'), ('is', 'VBZ'), ('good', 'JJ')]","[('i', 'NNS'), ('do', 'VBP'), ('not', 'RB'), ('know', 'VB'), ('what', 'WP'), ('that', 'IN'), ('mean', 'NN'), ('but', 'CC'), ('gold', 'NN'), ('be', 'VB'), ('good', 'JJ')]","[('i', 'LS'), ('do', 'VBP'), ('not', 'RB'), ('know', 'VB'), ('what', 'WP'), ('that', 'DT'), ('means', 'VBZ'), ('but', 'CC'), ('gold', 'NN'), ('is', 'VBZ'), ('good', 'JJ')]","[('i', 'LS'), ('do', 'VBP'), ('not', 'RB'), ('know', 'VB'), ('what', 'WP'), ('that', 'WDT'), ('mean', 'VBP'), ('but', 'CC'), ('gold', 'NN'), ('be', 'VB'), ('good', 'JJ')]",ASU-T10_ExpBlock1-Oneatatime.txt,i don't know what that means but gold is good,,,,,
